address_id, count, name, controlled, replaced, observable, observed, address_base
A1, 1000, , True, False, False, False, [forward()+0x204; OM::Simulator::start(scnXml::Monitoring const&)+0x28a; OM::Population::createInitialHumans()+0x94; OM::Population::newHuman(OM::SimTime)+0x5c; OM::Host::Human::Human(OM::SimTime)+0x12b; OM::WithinHost::WHInterface::createWithinHostModel(double)+0x72; OM::WithinHost::CommonWithinHost::CommonWithinHost(double)+0x3a; OM::WithinHost::WHFalciparum::WHFalciparum(double)+0xe6; OM::util::random::gauss(double, double)+0xb4]__Normal
A2, 1000, , True, False, False, False, [forward()+0x204; OM::Simulator::start(scnXml::Monitoring const&)+0x28a; OM::Population::createInitialHumans()+0x94; OM::Population::newHuman(OM::SimTime)+0x5c; OM::Host::Human::Human(OM::SimTime)+0x12b; OM::WithinHost::WHInterface::createWithinHostModel(double)+0x72; OM::WithinHost::CommonWithinHost::CommonWithinHost(double)+0xfd; OM::util::random::gauss(double, double)+0xb4]__Normal
A3, 22462, , True, False, False, False, [forward()+0x204; OM::Simulator::start(scnXml::Monitoring const&)+0x468; OM::Population::update1(OM::SimTime)+0x1e9; OM::Population::newHuman(OM::SimTime)+0x5c; OM::Host::Human::Human(OM::SimTime)+0x12b; OM::WithinHost::WHInterface::createWithinHostModel(double)+0x72; OM::WithinHost::CommonWithinHost::CommonWithinHost(double)+0x3a; OM::WithinHost::WHFalciparum::WHFalciparum(double)+0xe6; OM::util::random::gauss(double, double)+0xb4]__Normal
A4, 22462, , True, False, False, False, [forward()+0x204; OM::Simulator::start(scnXml::Monitoring const&)+0x468; OM::Population::update1(OM::SimTime)+0x1e9; OM::Population::newHuman(OM::SimTime)+0x5c; OM::Host::Human::Human(OM::SimTime)+0x12b; OM::WithinHost::WHInterface::createWithinHostModel(double)+0x72; OM::WithinHost::CommonWithinHost::CommonWithinHost(double)+0xfd; OM::util::random::gauss(double, double)+0xb4]__Normal
A5, 29320905, , True, False, False, False, [forward()+0x204; OM::Simulator::start(scnXml::Monitoring const&)+0x468; OM::Population::update1(OM::SimTime)+0xff; OM::Host::Human::update(bool)+0x22c; OM::Host::InfectionIncidenceModel::numNewInfections(OM::Host::Human const&, double)+0x2a3; OM::util::random::poisson(double)+0x13f]__Poisson
A6, 22461, , True, False, False, False, [forward()+0x204; OM::Simulator::start(scnXml::Monitoring const&)+0x468; OM::Population::update1(OM::SimTime)+0xff; OM::Host::Human::update(bool)+0x2bc; OM::Clinical::ClinicalModel::update(OM::Host::Human&, double, bool)+0x96; OM::Host::NeonatalMortality::eventNeonatalMortality()+0x9; OM::util::random::uniform_01()+0xc0]__Uniform
A7, 31584444, , True, False, False, False, [forward()+0x204; OM::Simulator::start(scnXml::Monitoring const&)+0x468; OM::Population::update1(OM::SimTime)+0xff; OM::Host::Human::update(bool)+0x2bc; OM::Clinical::ClinicalModel::update(OM::Host::Human&, double, bool)+0xe8; OM::Clinical::ClinicalEventScheduler::doClinicalUpdate(OM::Host::Human&, double)+0xa0; OM::WithinHost::WHFalciparum::determineMorbidity(OM::Host::Human&, double, bool)+0x73; OM::WithinHost::Pathogenesis::PathogenesisModel::determineState(OM::Host::Human&, double, double, double, bool)+0x87; OM::util::random::bernoulli(double)+0x47; OM::util::random::uniform_01()+0xc0]__Uniform
A8, 39495228, , True, False, False, False, [forward()+0x204; OM::Simulator::start(scnXml::Monitoring const&)+0x468; OM::Population::update1(OM::SimTime)+0xff; OM::Host::Human::update(bool)+0x280; OM::WithinHost::CommonWithinHost::update(int, std::vector<double, std::allocator<double> >&, double, double)+0x25d; OM::WithinHost::createMolineauxInfection(unsigned int)+0x28; OM::WithinHost::MolineauxInfection::MolineauxInfection(unsigned int)+0xd8; OM::util::random::gauss(double, double)+0xb4]__Normal
A9, 730931, , True, False, False, False, [forward()+0x204; OM::Simulator::start(scnXml::Monitoring const&)+0x468; OM::Population::update1(OM::SimTime)+0xff; OM::Host::Human::update(bool)+0x280; OM::WithinHost::CommonWithinHost::update(int, std::vector<double, std::allocator<double> >&, double, double)+0x25d; OM::WithinHost::createMolineauxInfection(unsigned int)+0x28; OM::WithinHost::MolineauxInfection::MolineauxInfection(unsigned int)+0x26e; OM::util::random::gauss(double, double)+0xb4]__Normal
A10, 730931, , True, False, False, False, [forward()+0x204; OM::Simulator::start(scnXml::Monitoring const&)+0x468; OM::Population::update1(OM::SimTime)+0xff; OM::Host::Human::update(bool)+0x280; OM::WithinHost::CommonWithinHost::update(int, std::vector<double, std::allocator<double> >&, double, double)+0x25d; OM::WithinHost::createMolineauxInfection(unsigned int)+0x28; OM::WithinHost::MolineauxInfection::MolineauxInfection(unsigned int)+0x332; OM::util::random::gauss(double, double)+0xb4]__Normal
A11, 1410074, , True, False, False, False, [forward()+0x204; OM::Simulator::start(scnXml::Monitoring const&)+0x468; OM::Population::update1(OM::SimTime)+0xff; OM::Host::Human::update(bool)+0x2bc; OM::Clinical::ClinicalModel::update(OM::Host::Human&, double, bool)+0xe8; OM::Clinical::ClinicalEventScheduler::doClinicalUpdate(OM::Host::Human&, double)+0xa0; OM::WithinHost::WHFalciparum::determineMorbidity(OM::Host::Human&, double, bool)+0x73; OM::WithinHost::Pathogenesis::PathogenesisModel::determineState(OM::Host::Human&, double, double, double, bool)+0x143; OM::util::random::bernoulli(double)+0x47; OM::util::random::uniform_01()+0xc0]__Uniform
A12, 1404896, , True, False, False, False, [forward()+0x204; OM::Simulator::start(scnXml::Monitoring const&)+0x468; OM::Population::update1(OM::SimTime)+0xff; OM::Host::Human::update(bool)+0x2bc; OM::Clinical::ClinicalModel::update(OM::Host::Human&, double, bool)+0xe8; OM::Clinical::ClinicalEventScheduler::doClinicalUpdate(OM::Host::Human&, double)+0xa0; OM::WithinHost::WHFalciparum::determineMorbidity(OM::Host::Human&, double, bool)+0x73; OM::WithinHost::Pathogenesis::PathogenesisModel::determineState(OM::Host::Human&, double, double, double, bool)+0x162; OM::util::random::bernoulli(double)+0x47; OM::util::random::uniform_01()+0xc0]__Uniform
A13, 1410074, , True, False, False, False, [forward()+0x204; OM::Simulator::start(scnXml::Monitoring const&)+0x468; OM::Population::update1(OM::SimTime)+0xff; OM::Host::Human::update(bool)+0x2bc; OM::Clinical::ClinicalModel::update(OM::Host::Human&, double, bool)+0xe8; OM::Clinical::ClinicalEventScheduler::doClinicalUpdate(OM::Host::Human&, double)+0xa0; OM::WithinHost::WHFalciparum::determineMorbidity(OM::Host::Human&, double, bool)+0x73; OM::WithinHost::Pathogenesis::PathogenesisModel::determineState(OM::Host::Human&, double, double, double, bool)+0x1c7; OM::util::random::bernoulli(double)+0x47; OM::util::random::uniform_01()+0xc0]__Uniform
A14, 739344, , True, False, False, False, [forward()+0x204; OM::Simulator::start(scnXml::Monitoring const&)+0x468; OM::Population::update1(OM::SimTime)+0xff; OM::Host::Human::update(bool)+0x2bc; OM::Clinical::ClinicalModel::update(OM::Host::Human&, double, bool)+0xe8; OM::Clinical::ClinicalEventScheduler::doClinicalUpdate(OM::Host::Human&, double)+0x357; OM::util::random::uniform_01()+0xc0]__Uniform
A15, 562777, , True, False, False, False, [forward()+0x204; OM::Simulator::start(scnXml::Monitoring const&)+0x468; OM::Population::update1(OM::SimTime)+0xff; OM::Host::Human::update(bool)+0x2bc; OM::Clinical::ClinicalModel::update(OM::Host::Human&, double, bool)+0xe8; OM::Clinical::ClinicalEventScheduler::doClinicalUpdate(OM::Host::Human&, double)+0x534; OM::Clinical::ESCaseManagement::execute(OM::Clinical::CMHostData const&)+0x82; OM::Clinical::CMDTCaseType::exec(OM::Clinical::CMHostData) const+0xa7; OM::Clinical::CMDTRandom::exec(OM::Clinical::CMHostData) const+0x29; OM::util::random::uniform_01()+0xc0]__Uniform
A16, 281364, , True, False, False, False, [forward()+0x204; OM::Simulator::start(scnXml::Monitoring const&)+0x468; OM::Population::update1(OM::SimTime)+0xff; OM::Host::Human::update(bool)+0x2bc; OM::Clinical::ClinicalModel::update(OM::Host::Human&, double, bool)+0xe8; OM::Clinical::ClinicalEventScheduler::doClinicalUpdate(OM::Host::Human&, double)+0x534; OM::Clinical::ESCaseManagement::execute(OM::Clinical::CMHostData const&)+0x82; OM::Clinical::CMDTCaseType::exec(OM::Clinical::CMHostData) const+0xa7; OM::Clinical::CMDTRandom::exec(OM::Clinical::CMHostData) const+0xbb; OM::Clinical::CMDTDiagnostic::exec(OM::Clinical::CMHostData) const+0x4a; OM::WithinHost::WHFalciparum::diagnosticResult(OM::WithinHost::Diagnostic const&) const+0x2d; OM::WithinHost::Diagnostic::isPositive(double) const+0x97; OM::util::random::bernoulli(double)+0x47; OM::util::random::uniform_01()+0xc0]__Uniform
A17, 275956, , True, False, False, False, [forward()+0x204; OM::Simulator::start(scnXml::Monitoring const&)+0x468; OM::Population::update1(OM::SimTime)+0xff; OM::Host::Human::update(bool)+0x2bc; OM::Clinical::ClinicalModel::update(OM::Host::Human&, double, bool)+0xe8; OM::Clinical::ClinicalEventScheduler::doClinicalUpdate(OM::Host::Human&, double)+0x534; OM::Clinical::ESCaseManagement::execute(OM::Clinical::CMHostData const&)+0x82; OM::Clinical::CMDTCaseType::exec(OM::Clinical::CMHostData) const+0xa7; OM::Clinical::CMDTRandom::exec(OM::Clinical::CMHostData) const+0xbb; OM::Clinical::CMDTDiagnostic::exec(OM::Clinical::CMHostData) const+0x7a; OM::Clinical::CMDTRandom::exec(OM::Clinical::CMHostData) const+0x29; OM::util::random::uniform_01()+0xc0]__Uniform
A18, 174535, , True, False, False, False, [forward()+0x204; OM::Simulator::start(scnXml::Monitoring const&)+0x468; OM::Population::update1(OM::SimTime)+0xff; OM::Host::Human::update(bool)+0x2bc; OM::Clinical::ClinicalModel::update(OM::Host::Human&, double, bool)+0xe8; OM::Clinical::ClinicalEventScheduler::doClinicalUpdate(OM::Host::Human&, double)+0x534; OM::Clinical::ESCaseManagement::execute(OM::Clinical::CMHostData const&)+0x82; OM::Clinical::CMDTCaseType::exec(OM::Clinical::CMHostData) const+0x75; OM::Clinical::CMDTRandom::exec(OM::Clinical::CMHostData) const+0x29; OM::util::random::uniform_01()+0xc0]__Uniform
A19, 104603, , True, False, False, False, [forward()+0x204; OM::Simulator::start(scnXml::Monitoring const&)+0x468; OM::Population::update1(OM::SimTime)+0xff; OM::Host::Human::update(bool)+0x2bc; OM::Clinical::ClinicalModel::update(OM::Host::Human&, double, bool)+0xe8; OM::Clinical::ClinicalEventScheduler::doClinicalUpdate(OM::Host::Human&, double)+0x534; OM::Clinical::ESCaseManagement::execute(OM::Clinical::CMHostData const&)+0x82; OM::Clinical::CMDTCaseType::exec(OM::Clinical::CMHostData) const+0x75; OM::Clinical::CMDTRandom::exec(OM::Clinical::CMHostData) const+0xbb; OM::Clinical::CMDTDiagnostic::exec(OM::Clinical::CMHostData) const+0x4a; OM::WithinHost::WHFalciparum::diagnosticResult(OM::WithinHost::Diagnostic const&) const+0x2d; OM::WithinHost::Diagnostic::isPositive(double) const+0x97; OM::util::random::bernoulli(double)+0x47; OM::util::random::uniform_01()+0xc0]__Uniform
A20, 102047, , True, False, False, False, [forward()+0x204; OM::Simulator::start(scnXml::Monitoring const&)+0x468; OM::Population::update1(OM::SimTime)+0xff; OM::Host::Human::update(bool)+0x2bc; OM::Clinical::ClinicalModel::update(OM::Host::Human&, double, bool)+0xe8; OM::Clinical::ClinicalEventScheduler::doClinicalUpdate(OM::Host::Human&, double)+0x534; OM::Clinical::ESCaseManagement::execute(OM::Clinical::CMHostData const&)+0x82; OM::Clinical::CMDTCaseType::exec(OM::Clinical::CMHostData) const+0x75; OM::Clinical::CMDTRandom::exec(OM::Clinical::CMHostData) const+0xbb; OM::Clinical::CMDTDiagnostic::exec(OM::Clinical::CMHostData) const+0x7a; OM::Clinical::CMDTRandom::exec(OM::Clinical::CMHostData) const+0x29; OM::util::random::uniform_01()+0xc0]__Uniform
A21, 9748, , True, False, False, False, [forward()+0x204; OM::Simulator::start(scnXml::Monitoring const&)+0x468; OM::Population::update1(OM::SimTime)+0xff; OM::Host::Human::update(bool)+0x2bc; OM::Clinical::ClinicalModel::update(OM::Host::Human&, double, bool)+0xe8; OM::Clinical::ClinicalEventScheduler::doClinicalUpdate(OM::Host::Human&, double)+0x534; OM::Clinical::ESCaseManagement::execute(OM::Clinical::CMHostData const&)+0x82; OM::Clinical::CMDTRandom::exec(OM::Clinical::CMHostData) const+0x29; OM::util::random::uniform_01()+0xc0]__Uniform
A22, 6790, , True, False, False, False, [forward()+0x204; OM::Simulator::start(scnXml::Monitoring const&)+0x468; OM::Population::update1(OM::SimTime)+0xff; OM::Host::Human::update(bool)+0x2bc; OM::Clinical::ClinicalModel::update(OM::Host::Human&, double, bool)+0xe8; OM::Clinical::ClinicalEventScheduler::doClinicalUpdate(OM::Host::Human&, double)+0x534; OM::Clinical::ESCaseManagement::execute(OM::Clinical::CMHostData const&)+0x82; OM::Clinical::CMDTRandom::exec(OM::Clinical::CMHostData) const+0xbb; OM::Clinical::CMDTDiagnostic::exec(OM::Clinical::CMHostData) const+0x4a; OM::WithinHost::WHFalciparum::diagnosticResult(OM::WithinHost::Diagnostic const&) const+0x2d; OM::WithinHost::Diagnostic::isPositive(double) const+0x97; OM::util::random::bernoulli(double)+0x47; OM::util::random::uniform_01()+0xc0]__Uniform
A23, 6699, , True, False, False, False, [forward()+0x204; OM::Simulator::start(scnXml::Monitoring const&)+0x468; OM::Population::update1(OM::SimTime)+0xff; OM::Host::Human::update(bool)+0x2bc; OM::Clinical::ClinicalModel::update(OM::Host::Human&, double, bool)+0xe8; OM::Clinical::ClinicalEventScheduler::doClinicalUpdate(OM::Host::Human&, double)+0x534; OM::Clinical::ESCaseManagement::execute(OM::Clinical::CMHostData const&)+0x82; OM::Clinical::CMDTRandom::exec(OM::Clinical::CMHostData) const+0xbb; OM::Clinical::CMDTDiagnostic::exec(OM::Clinical::CMHostData) const+0x7a; OM::Clinical::CMDTRandom::exec(OM::Clinical::CMHostData) const+0x29; OM::util::random::uniform_01()+0xc0]__Uniform
A24, 9748, , True, False, False, False, [forward()+0x204; OM::Simulator::start(scnXml::Monitoring const&)+0x468; OM::Population::update1(OM::SimTime)+0xff; OM::Host::Human::update(bool)+0x2bc; OM::Clinical::ClinicalModel::update(OM::Host::Human&, double, bool)+0xe8; OM::Clinical::ClinicalEventScheduler::doClinicalUpdate(OM::Host::Human&, double)+0x6b8; OM::util::random::uniform_01()+0xc0]__Uniform
A25, 46981, , True, False, False, False, [forward()+0x204; OM::Simulator::start(scnXml::Monitoring const&)+0x468; OM::Population::update1(OM::SimTime)+0xff; OM::Host::Human::update(bool)+0x2bc; OM::Clinical::ClinicalModel::update(OM::Host::Human&, double, bool)+0xe8; OM::Clinical::ClinicalEventScheduler::doClinicalUpdate(OM::Host::Human&, double)+0xa1d; OM::util::random::uniform_01()+0xc0]__Uniform
A26, 9387, , True, False, False, False, [forward()+0x204; OM::Simulator::start(scnXml::Monitoring const&)+0x468; OM::Population::update1(OM::SimTime)+0xff; OM::Host::Human::update(bool)+0x2bc; OM::Clinical::ClinicalModel::update(OM::Host::Human&, double, bool)+0xe8; OM::Clinical::ClinicalEventScheduler::doClinicalUpdate(OM::Host::Human&, double)+0x1ac; OM::util::random::uniform_01()+0xc0]__Uniform
A27, 2000, , True, False, False, False, [forward()+0x204; OM::Simulator::start(scnXml::Monitoring const&)+0x43a; OM::interventions::InterventionManager::deploy(OM::Population&)+0xb1; OM::interventions::TimedHumanDeployment::deploy(OM::Population&)+0x136; OM::util::random::bernoulli(double)+0x47; OM::util::random::uniform_01()+0xc0]__Uniform
A28, 313, , True, False, False, False, [forward()+0x204; OM::Simulator::start(scnXml::Monitoring const&)+0x43a; OM::interventions::InterventionManager::deploy(OM::Population&)+0x163; OM::interventions::ContinuousHumanDeployment::filterAndDeploy(OM::Host::Human&, OM::Population const&) const+0x105; OM::util::random::uniform_01()+0xc0]__Uniform
